Handle,Title
game-kids-trekker-hb-275-k-jacket,Kids Game HB275 Trekker Jacket
30l-trespass-rolla-laptop-rucksack-rolltop-backpack-travel-bag,30L Trespass Rolla Laptop Rucksack Rolltop Backpack Travel Bag
3-layer-medical-disposable-face-mask-blue,3 Layer Disposable Face Mask Blue (50 pcs)
blackrock-sumatra-steel-toe-hiking-boots-sf75,Blackrock Sumatra Steel Toe Hiking Boots SF75
tactical-belt,Tactical Belt
50l-a65326-molle-tactical-backpack,50L A65326 - Molle Tactical Backpack
40l-a45329-molle-tactical-backpack,40L A45329 - Molle Tactical Backpack -
molle-tactical-backpack-30l-a15326,30L A15326 - Molle Tactical Backpack
molle-tactical-mobile-phone-wallet-mob-2,Mob 2 - Molle Tactical Mobile Phone Wallet
molle-tactical-backpack-40l-3d-bag,40L 3D Bag - Molle Tactical Backpack
molle-tactical-pouch-mob-1,Mob 1 - Molle Tactical Pouch
tactical-waist-pouch-with-water-bottle-attachment,Tactical Waist Bag With Water Bottle Attachment
tactical-operators-baseball-cap,Tactical Operators Baseball Cap
game-hb300-hawk-waterproof-trousers,Game HB300 Hawk Waterproof Trousers
trespass-albus-30-litre-casual-hiking-backpack,Trespass Albus 30 Litre Casual Hiking Backpack
trespass-neroli-28-litre-hiking-backpack,Trespass Neroli 28 Litre Hiking Backpack
blackrock-tempest-steel-toe-cap-waterproof-hiker-boot,Blackrock Tempest Steel Toe Cap Waterproof Hiker Boot
durus-workwear-steel-toe-cap-midsole-padded-collar-boot,Durus Workwear Steel Toe Cap Work Boots SBU08
durus-workwear-steel-toe-cap-fur-lined-rigger-long-boot,Durus Workwear Steel Toe Cap Fur Lined Rigger Boot SBU01
durus-workwear-steel-toe-cap-uniform-shoe,Durus Workwear Steel Toe Cap Lace-Up Uniform Shoe SBU07
durus-workwear-steel-toe-cap-chukka-boots,Durus Workwear Steel Toe Cap Midsole Chukka Boots SBU02
mens-windproof-softshell-jacket-sf002,Mens Windproof Softshell Jacket SF002
portwest-led-beanie,Portwest LED Beanie
game-mens-scope-jacket-and-trousers,Game Mens Scope Jacket and Trousers
proclimate-adults-multipurpose-neckwarmer-beanine-scarf,Proclimate Adult's Multipurpose neckwarmer/Beanine/Scarf
kids-unisex-woodland-camouflage-onesie,Kids Unisex Woodland Camouflage Onesie
portwest-s817-painters-work-trousers,Portwest S817 Painters Work Trousers
mens-game-stanton-fleece-pullover,Mens Game Stanton Fleece Pullover
trespass-girls-vardia-waterproof-jacket,Trespass Girls Vardia Waterproof Jacket
childrens-game-tweed-jacket-1,Children's Game Tweed Jacket
green-play-mens-bowls-trousers,Green Play Men's Sports Trousers
mens-game-hb351-excel-ripstop-trousers,Game HB351 Excel Ripstop Trousers
portwest-s841-stain-repellant-apron,Portwest S841 Stain Repellant Apron
portwest-gl11-fleece-gloves-with-palm-grip,Portwest GL11 Fleece Gloves With Palm Grip
adults-unisex-woodland-camouflage-onesie,Adults Unisex Woodland Camouflage Onesie
mens-wax-over-trousers,Game Wax Over Trousers
mens-leather-skip-wax-baseball-cap,Leather Skip Wax Baseball Cap
mens-wax-cotton-baseball-cap,Wax Cotton Baseball Cap
mens-tweed-baseball-cap,Tweed Leather Skip Hat
mens-game-hb275-trekker-jacket,Game HB275 Trekker Jacket
mens-game-hb320-aston-pro-waterproof-trousers,Game HB320 Aston Pro Waterproof Trousers
mens-game-hb320-aston-pro-waterproof-jacket,Game HB220 Aston Pro Waterproof Jacket
mens-game-hb210-viper-softshell-jacket,Game HB210 Viper Softshell Jacket
mens-game-pursuit-reversible-jacket,Game HB211 Pursuit Reversible Camouflage Jacket
mens-game-hb103-stalking-smock,Game HB103 Waterproof and Breathable Stalking Smock
mens-woodland-camouflage-long-sleeve-tshirt,Game Woodland Camouflage Long Sleeve T-Shirt
mens-stormkloth-camouflage-multi-pocket-vest,Stormkloth Camouflage Multi Pocket Vest
mens-olive-green-moleskin-flat-cap,Olive Green Moleskin Flat Cap
girls-trespass-nasu-waterproof-jacket,Girls Trespass Nasu Waterproof Jacket
mens-game-trek-camouflage-long-sleeve-tshirt,Game Camouflage Long Sleeve T-Shirt - TREK104
game-trek103-camouflage-joggers,Game Trek Camouflage Joggers - TREK103
game-trek-camouflage-zip-hoody,Game Camouflage Zip Hoody - TREK102
mens_tuffstuff_pro_work_trousers_711,Mens Tuffstuff Pro Work Trousers - 711
unisex-trespass-rocka-35l-backpack,Trespass Rocka 35L Backpack
molle-tactical-sling-bag,Three P - Molle Tactical Sling Bag
trespass-ballast-boys-waterproof-jacket,Trespass Ballast Boys Waterproof Jacket
kids-shirt-557,Boys Flannel Check Shirt - 557
mens-game-trek-camouflage-t-shirt,Game Camouflage Short Sleeve T-Shirt - TREK105
soul-star-hester-mens-lightweight-puffa-packaway-jacket,Men's Soul Star Hester Lightweight Packaway Jacket
mens-hurley-20-quick-dry-hybrid-board-walk-shorts,Men's Quick Dry Shorts
ladies-brave-soul-devan-hooded-mac,Ladies Brave Soul Devan Hooded Rain Mac
trespass-samira-ladies-wellington-boots,Trespass Samira Ladies Wellington Boots
game-embroidered-logo-baseball-cap,Game Embroidered Logo Baseball Cap
mens-plain-long-sleeve-button-polo-shirt,Mens Long Polo Shirt - 2168
kids-game-hb351k-excel-ripstop-trousers,Kids Game HB351K Excel Ripstop Trousers
trespass-unique-girls-water-resistant-jacket,Trespass Unique Girls Jacket
portwest-hi-vis-short-sleeve-reflective-plain-t-shirt,Portwest Hi Vis Short Sleeve Polo Shirt
game-hb220-aston-pro-waterproof-jacket,Kids Game Aston Pro Waterproof Jacket & Trouser
multi-functional-and-hardwearing-cargo-work-trousers,Men's Cargo Work Trousers - 1920 Clearance
mens-green-play-bowling-shorts,Mens Green Play Bowling Shorts
kids-game-hb210k-viper-softshell-jacket,Kids Game HB210K Viper Softshell Jacket
kids-game-hb103k-waterproof-and-breathable-stalking-smock,Kids Game HB103K Waterproof and Breathable Stalking Smock
copy-of-girls-brave-soul-rusette-diamond-quilted-school-jacket,Girls Brave Soul Bunny Padded School Jacket
ladies-brave-soul-cello-padded-hooded-jacket,Ladies Brave Soul Cello Padded Hooded Jacket
kids-brave-soul-grantborg-padded-jacket,Kids Brave Soul GRANTBORG Padded Jacket
unisex-g5-water-resistant-camping-mummy-sleeping-bag-with-pouch,Warm Sleeping Bag with Pouch - Mummy
unisex-g5-water-resistant-warm-camping-sleeping-bag-with-pouch,Warm Sleeping Bag with Pouch - Envelope
children-s-country-life-gilet,Childrenï¿½s Country Life Gilet