Id,Handle,Title
gid://shopify/Product/9221149491542,mens-straight-fit-casual-linen-and-cotton-blend-trousers,Mens Straight Fit Linen Blend Trousers
gid://shopify/Product/9221149589846,kids-softshell-fleece-lined-puddle-rain-suit,Kids Softshell Fleece Lined Rain Suit
gid://shopify/Product/9221149622614,boys-kids-camo-cargo-shorts,Boys Kids Camo Cargo Shorts - 2527
gid://shopify/Product/9221149655382,game-kids-chilton-country-fleece-gilet,Children's Game Chilton Fleece Gilet
gid://shopify/Product/9221149688150,adults-scotland-printed-scottish-flag-t-shirt-1,Adults Scotland Printed Scottish Flag T-Shirt
gid://shopify/Product/9221149720918,adults-stag-ecg-logo-printed-t-shirt,Adults Stag ECG Logo Printed T-Shirt
gid://shopify/Product/9221149819222,adults-scotland-printed-scottish-flag-t-shirt,Adults Scotland Printed Scottish Flag T-Shirt
gid://shopify/Product/9221149884758,adults-printed-american-flag-us-grunge-t-shirt,Adults Printed American Flag US Grunge T-Shirt
gid://shopify/Product/9221149950294,adults-printed-british-flag-union-jack-grunge-t-shirt,Adults Printed British Flag Union Jack Grunge T-Shirt
gid://shopify/Product/9221150048598,adults-stag-ecg-logo-hoody,Stag ECG Hoodie
gid://shopify/Product/9221150081366,keeping-it-reel-hoody-angling-printed-hoodie,Keeping It Reel Hoodie
gid://shopify/Product/9221150114134,gone-fishing-angling-printed-hoodie,Gone Fishing Hoodie
gid://shopify/Product/9221150146902,mens-multi-pocket-cargo-work-trousers,Clearance Mens Multi Pocket Cargo Trousers
gid://shopify/Product/9221150179670,carp-fishing-hoody-angling-hoodie,Fishing Legend Hoodie
gid://shopify/Product/9221150245206,mens-premium-fishing-logos-t-shirt,Men's Premium Fishing Logos T-Shirt
gid://shopify/Product/9221150343510,adults-premium-200gsm-heavy-cotton-fishing-legend-t-shirt,"Adults Heavy Cotton ""Fishing Legend"" T-Shirt"
gid://shopify/Product/9221150376278,mens-premium-comfort-fit-short-sleeve-fish-logo-polo-shirt,Mens Fish Logo Polo
gid://shopify/Product/9221150474582,mens-premium-comfort-fit-short-sleeve-gone-fishing-polo-shirt,"Mens ""Gone Fishing"" Polo Shirt"
gid://shopify/Product/9221150572886,kids-summer-short-sleeve-crew-neck-t-shirt,Kids Cotton T-Shirt
gid://shopify/Product/9221150605654,mens-hooded-denim-shirt,Mens Hooded Denim Work Shirt
gid://shopify/Product/9221150671190,mens-slim-fit-contrast-fleece-shorts,Mens Slim Fit Contrast Fleece Shorts - S010
gid://shopify/Product/9221150703958,kids-parka-rain-jacket-mac,Boys Printed Rain Mac
gid://shopify/Product/9221150769494,kids-girls-parka-rain-jacket-mac-cagoule,Girls Printed Rain Mac
gid://shopify/Product/9221150802262,trespass-clip-mens-warm-quilted-padded-puffer-jacket,Trespass Clip Mens Warm Quilted Padded Puffer Jacket
gid://shopify/Product/9221150900566,mens-game-french-terry-casual-sport-shorts,Mens Game Fleece Angling Shorts
gid://shopify/Product/9221150998870,hi-vis-polo-short-sleeve-reflective-2-tone-shirt,Hi Vis 2 Tone Polo Shirt - HV315
gid://shopify/Product/9221151064406,mens-longline-ma1-padded-bomber-jacket,Mens Longline Padded MA1 Jacket
gid://shopify/Product/9221151097174,kids-trespass-thunda-x-fleece-hoodie,Kids Trespass Thunda X Fleece Hoodie
gid://shopify/Product/9221151129942,mens-hi-vis-visibility-short-sleeved-polo-shirt,Mens Hi Vis Visibility Short Sleeved Polo Shirt - hv322
gid://shopify/Product/9221151162710,mens-kjb03-plain-jogging-bottoms,Mens KJB03 Plain Jogging Bottoms
gid://shopify/Product/9221151228246,mens-kjb02-plain-jogging-bottoms,Mens KJB02 Plain Jogging Bottoms
gid://shopify/Product/9221151261014,tactical-woodland-gloves-ph03,Tactical Woodland Gloves PH03
gid://shopify/Product/9221151293782,tactical-camo-gloves-rb01,Tactical Camo Gloves RB01
gid://shopify/Product/9221151326550,tactical-gloves-hk02,Tactical Gloves HK02
gid://shopify/Product/9221151392086,mens-crew-neck-knitted-pocket-jumper,Mens Crew Neck Knitted Jumper
gid://shopify/Product/9221151457622,womens-long-faux-fur-padded-parka-coat,Womens Long Faux Fur Padded Parka Coat
gid://shopify/Product/9221151490390,kids-junior-outdoor-activity-action-workwear-cargo-trousers,Kids Action Cargo Trousers
gid://shopify/Product/9221151555926,mens-jack-south-long-sleeved-contrast-denim-shirt,Mens Jack South Long Sleeved Contrast Denim Shirt
gid://shopify/Product/9221151588694,adults-unisex-aztec-onesies-1,Kids Unisex Aztec Onesies
gid://shopify/Product/9221151621462,adults-unisex-aztec-onesies,Adults Unisex Aztec Onesies
gid://shopify/Product/9221151654230,mens-half-zip-sweatshirt-water-repellent-jumper,Mens Half Zip Sweatshirt Water Repellent Jumper
gid://shopify/Product/9221151686998,portwest-neptune-fw75-rigger-safety-boot,Portwest Neptune FW75 Rigger Safety Boot
gid://shopify/Product/9221151719766,porwest-pvc-fw90-non-safety-wellington-boot,Porwest PVC FW90 Wellington Boot
gid://shopify/Product/9221151752534,portwest-insulatex-ha10-fleece-hat,Portwest Insulatex HA10 Fleece Hat
gid://shopify/Product/9221151785302,portwest-texpel-c808-sos-finish-coverall,Portwest Texpel C808 SOS Finish Coverall
gid://shopify/Product/9221151850838,mens-performance-insulated-leisure-work-wear-jacket,Mens Performance Qulited Padded Jacket
gid://shopify/Product/9221151883606,kids-trespass-overwhelm-waterproof-jacket,Kids Trespass OVERWHELM Waterproof Jacket
gid://shopify/Product/9221151916374,ladies-pure-cotton-roll-up-chino-shorts-ex-store,Ladies Pure Cotton Roll Up Chino Shorts - ex Store
gid://shopify/Product/9221151981910,mens-multipocket-cargo-contrast-work-shorts-dw10,Mens Multipocket Cargo Contrast Work Shorts - DW10
gid://shopify/Product/9221152014678,mens-dw96-cargo-combat-work-shorts,Men's Multi Pocket Cargo Work Shorts - DW96
gid://shopify/Product/9221152047446,mens-dw63-cordura-durable-cargo-pro-work-shorts,Mens DW63 CORDURA Durable Cargo Pro Work Shorts
gid://shopify/Product/9221152080214,game-hb402-forrester-trousers,Game HB402 Forrester Trousers
gid://shopify/Product/9221152112982,kids-mickey-mouse-white-summer-flip-flops-footwear,Kids Mickey Mouse White Summer Flip Flops Footwear
gid://shopify/Product/9221152145750,mens-multipocket-summer-cotton-stretch-cargo-shorts,Mens Stretch Cargo Shorts - 100% Cotton
gid://shopify/Product/9221152178518,regatta-mens-parkline-zip-neck-mini-stripe-micro-fleece,Regatta Mens Parkline Half Zip Micro Fleece
gid://shopify/Product/9221152211286,regatta-mens-fallowfield-diamond-quilted-jacket-tra456,Regatta Mens Fallowfield Diamond Quilted Jacket - TRA456
gid://shopify/Product/9221152244054,regatta-mens-athens-mesh-lined-tracksuit-bottoms-tra412-trousers,Regatta Mens Athens Mesh Lined Tracksuit Bottoms - TRA412 Trousers
gid://shopify/Product/9221152309590,unisex-portwest-performance-breathable-waterproof-sock,Unisex Portwest Performance Breathable Waterproof Sock
gid://shopify/Product/9221152342358,girls-licenced-minions-flip-flop-you-are-1-in-a-minion,Girls Licenced Minions Flip Flops
gid://shopify/Product/9221152407894,mens-ex-uk-chain-store-chino-shorts-casual-100-cotton-pant,Mens Cotton Chino Shorts
gid://shopify/Product/9221152473430,boys-trespass-etto-lightweight-fleece-jumper-pull-over,Boys Trespass Etto Lightweight Fleece Jumper Pull Over
gid://shopify/Product/9221152538966,boys-trespass-edvin-fleece-jumper-pull-over-top,Kids Trespass Edvin Fleece Jumper Pull Over Top
gid://shopify/Product/9221152604502,mens-trespass-hamrand-3000mm-rain-jacket,Mens Trespass Hamrand Waterproof
gid://shopify/Product/9221152702806,mens-trespass-rocco-ii-5000mmrain-jacket,Mens Trespass Rocco II 5000mmRain Jacket
gid://shopify/Product/9221152768342,mens-trespass-blackford-microfleece-pull-over-zip-fleece-top,Mens Trespass Blackford Microfleece Zip Top
gid://shopify/Product/9221152866646,kids-trespass-sybil-fleece-top-zip-neck-hiking-jumper,Kids Trespass Sybil Fleece Top
gid://shopify/Product/9221152932182,mens-trespass-jynx-heavyweight-full-zip-fleece-jacket,Mens Trespass Jynx Heavyweight Fleece Jacket
gid://shopify/Product/9221152997718,ladies-trespass-indulge-packaway-raincoat-tp75-jacket,Ladies Trespass Indulge Packaway Raincoat TP75 Jacket
gid://shopify/Product/9221153030486,unisex-45l-trespass-inverary-travel-backpack-hiking-bag,Unisex 45L Trespass Inverary Travel Backpack Hiking Bag
gid://shopify/Product/9221153063254,mens-trespass-lochlyn-walking-boots-waterproof-gusseted-tongue,Mens Trespass Gerrard Hiking Boots
gid://shopify/Product/9221153096022,mens-trespass-finley-low-cut-hiking-shoes,Mens Trespass Finley Low Cut Hiking Shoes
gid://shopify/Product/9221153161558,ladies-trespass-mitzi-low-cut-waterproof-walking-hiking-shoes,Ladies Trespass Mitzi Low Cut Waterproof Walking Hiking Shoes
gid://shopify/Product/9221153325398,ladies-trespass-aerial-active-sandals-summer-shoes,Ladies Trespass Aerial Active Sandals Summer Shoes
gid://shopify/Product/9221153390934,ladies-trespass-skylar-half-zip-top-fleece-jumper,Ladies Trespass Skylar Half Zip Top Fleece Jumper
gid://shopify/Product/9221153456470,mens-american-eagle-polo-shirt,Mens American Eagle Polo Shirt
gid://shopify/Product/9221153489238,girls-kids-denim-shorts-hot-pants,Girls Denim Shorts Rolled Hem
gid://shopify/Product/9221153522006,womens-fashionable-light-wash-denim-shorts-hot-pants,Women's Light Wash ripped Denim Shorts Hot Pants
gid://shopify/Product/9221153587542,womens-denim-shorts-hot-pants,Womens Denim Shorts Hot Pants
gid://shopify/Product/9221153620310,mens-wrangler-hiker-cargo-shorts,Mens Wrangler Hiker Cargo Shorts
gid://shopify/Product/9221153685846,ladies-classic-vintage-harrington-jacket,Ladies Classic Vintage Harrington Jacket
gid://shopify/Product/9221153849686,regatta-kids-tra454-stormforce-thermoguard-thermal-jacket,Regatta Kids TRA454 Stormforce Thermoguard Thermal Jacket
gid://shopify/Product/9221153947990,portwest-mens-combat-s790-work-shorts,Portwest Men's Combat S790 Work Shorts
gid://shopify/Product/9221153980758,mens-durus-st02-workwear-shorts,Mens DURUS ST02 Workwear Shorts
gid://shopify/Product/9221154046294,standsafe-mens-wk019-combat-work-shorts,StandSafe Mens WK019 Combat Work Shorts
gid://shopify/Product/9221154210134,mens-liam-swim-short,Mens Liam Swim Short
gid://shopify/Product/9221154308438,ladies-trespass-florissant-waterproof-jacket,Ladies Trespass FLORISSANT Waterproof Jacket
gid://shopify/Product/9221154373974,mens-durus-hv102-workwear-half-zip-top,Mens HV102 Workwear 1/4 Zip Top
gid://shopify/Product/9221154406742,urban-road-mens-premium-short-sleeve-polo-shirt,Urban Road Mens Premium Polo Shirt
gid://shopify/Product/9221154537814,mens-kapton-hv602-hi-vis-softshell-jacket,Mens Kapton HV602 Hi Vis Softshell Jacket
gid://shopify/Product/9221154570582,mens-trespass-norman-quilted-padded-jacket,Mens Trespass Norman Quilted Padded Jacket
gid://shopify/Product/9221154603350,mens-trespass-dunbar-quilted-downtouch-jacket,Mens Trespass Dunbar Quilted Downtouch Jacket
gid://shopify/Product/9221154636118,mens-trespass-tappin-waterproof-jacket,Mens Trespass Tappin Waterproof Jacket
gid://shopify/Product/9221154668886,mens-trespass-oskar-padded-jacket,Mens Trespass Oskar Padded Jacket
gid://shopify/Product/9221154767190,mens-game-tattersall-shirt,Mens Game Tattersall Shirt
gid://shopify/Product/9221154898262,mens-game-r5056-richmond-sherpa-shirt,Mens GAME R5056 Richmond Sherpa Shirt
gid://shopify/Product/9221154931030,mens-regatta-tra825-x-pro-icefall-down-touch-gilet,Mens Regatta TRA825 X-Pro Icefall Down Touch Gilet
gid://shopify/Product/9221154963798,mens-regatta-trs160-salt-lake-polo-shirt,SALE - Mens Regatta TRS160 Salt Lake Polo Shirt
gid://shopify/Product/9221155029334,mens-drexel-waterproof-jacket,Mens DRX Fleece Lined Jacket
gid://shopify/Product/9221155062102,portwest-texo-contrast-cargo-shorts-tx14,Portwest TEXO Contrast Cargo Shorts TX14
gid://shopify/Product/9221155094870,portwest-classic-rain-jacket-s440,Portwest Classic Rain Jacket S440
gid://shopify/Product/9221155127638,portwest-essentials-waterproof-rainsuit,Portwest L440 Essentials Waterproof Rainsuit
gid://shopify/Product/9221155160406,portwest-hivis-shorts-e043,Portwest HiVis Shorts E043
gid://shopify/Product/9221155225942,game-utilitas-multipocket-ii-wax-jacket,Game Utilitas II Wax Jacket
gid://shopify/Product/9221155291478,kids-urban-road-plain-joggers,Kids Urban Road Plain Joggers
gid://shopify/Product/9221155357014,kids-urban-road-plain-hoodie,Kids Urban Road Plain Hoodie
gid://shopify/Product/9221155422550,powerfix-mens-cargo-combat-work-shorts,Mens Powerfix Cargo Combat Work Shorts
gid://shopify/Product/9221155488086,lna-tactical-softshell-jacket,LNA Tactical Softshell Jacket
gid://shopify/Product/9221155586390,trespass-kids-oskar-padded-school-jacket,Trespass Kids Oskar Padded School Jacket
gid://shopify/Product/9221155619158,trespass-girls-amira-padded-jacket,Trespass Girls Amira Padded Jacket
gid://shopify/Product/9221155651926,trespass-girls-elimore-padded-hooded-casual-coat,Trespass Girls Elimore Padded Hooded Casual Coat
gid://shopify/Product/9221155717462,long-plain-waterproof-rain-coat,Long Waterproof Rain Coat/Trenchcoat
gid://shopify/Product/9221155782998,mens-karrimor-weathertite-spike-low-rise-waterproof-hiking-boots,Mens Karrimor K950 Weathertite Spike Low Rise Waterproof Hiking Boots
gid://shopify/Product/9221155848534,unisex-trw476-regatta-avant-mesh-lined-waterproof-jacket,Unisex TRW476 Regatta Avant Mesh Lined Waterproof Jacket
gid://shopify/Product/9221155881302,mens-trf503-regatta-ashmore-full-zip-fleece,Mens TRF503 Regatta Ashmore Full Zip Fleece
gid://shopify/Product/9221155914070,jack-dannys-premium-polo-shirt,Men's Premium Polo Shirt
gid://shopify/Product/9221155946838,mens-trespass-hilman-ii-waterproof-hiking-jacket,Mens Trespass Hilman II Waterproof Hiking Jacket
gid://shopify/Product/9221155979606,girls-trespass-primula-padded-water-resistant-school-jacket,Girls Trespass Primula Padded Water Resistant School Jacket
gid://shopify/Product/9221156045142,ladies-trespass-ramona-softshell-waterproof-hooded-jacket,Ladies Trespass Ramona Softshell Waterproof Hooded Jacket
gid://shopify/Product/9221156110678,ladies-trespass-san-fran-waterproof-winter-warm-parka-jacket,Ladies Trespass 'San Fran' Waterproof Winter Warm Parka Jacket
gid://shopify/Product/9221156143446,trespass-trek-33-litre-camping-rucksack,Trespass 'Trek' 33 Litre Camping Rucksack
gid://shopify/Product/9221156176214,trespass-qikpac-ladies-waterproof-hooded-jacket-with-packaway-pouch,Trespass Qikpac Ladies Waterproof Hooded Jacket - Clearance
gid://shopify/Product/9221156274518,blackrock-cooper-steel-toe-hiker-shoes-sf8412,Blackrock Cooper Steel Toe Hiker Shoes SF84
gid://shopify/Product/9221156307286,blackrock-steel-toe-hiker-trainer-shoes-sf8305,Blackrock Cooper Steel Toe Hiker Trainer Shoes SF83
gid://shopify/Product/9221156340054,blackrock-steel-toe-hiker-trainer-shoes-sf7406,Blackrock Ebony Steel Toe Hiker Trainer Shoes SF74
gid://shopify/Product/9221156405590,mens-karrimor-supa-v-low-rise-trekking-shoes,Mens Karrimor Supa V Low Rise Trekking Shoes
gid://shopify/Product/9221156438358,ladies-karrimor-supa-v-low-rise-trekking-shoes,Ladies Karrimor Supa V Low Rise Trekking Shoes
gid://shopify/Product/9221156471126,mens-karrimor-weathertite-spike-mid-rise-waterproof-hiking-boots,Mens Karrimor Weathertite Spike Mid Rise Waterproof Hiking Boots
gid://shopify/Product/9221156536662,ladies-karrimor-weathertite-isla-low-rise-waterproof-trekking-boots,Ladies Karrimor Weathertite Isla Low Rise Waterproof Trekking Boots
gid://shopify/Product/9221156569430,ladies-karrimor-weathertite-isla-mid-rise-waterproof-trekking-boots,Ladies Karrimor Weathertite Isla Mid Rise Waterproof Trekking Boots
gid://shopify/Product/9221156634966,ladies-karrimor-bodmin-v-weathertite-mid-rise-waterproof-hiking-shoes,Ladies Karrimor Bodmin V Weathertite Mid Rise Waterproof Hiking Shoes
gid://shopify/Product/9221156667734,ladies-karrimor-bodmin-v-weathertite-low-rise-waterproof-hiking-shoes,Ladies Karrimor Bodmin V Weathertite Low Rise Waterproof Hiking Shoes
gid://shopify/Product/9221156700502,karrimor-bodmin-iv-weathertite-mid-rise-waterproof-hiking-shoes,Mens Karrimor Bodmin IV Weathertite Mid Rise Waterproof Hiking Shoes
gid://shopify/Product/9221156733270,mens-karrimor-bodmin-iv-weathertite-low-rise-waterproof-hiking-shoes,Mens Karrimor Bodmin IV Weathertite Low Rise Waterproof Hiking Shoes
gid://shopify/Product/9221156798806,blackrock-dealer-steel-toe-cap-safety-boots,Blackrock 'Dealer' Steel Toe Cap Safety Boots
gid://shopify/Product/9221156831574,blackrock-steel-toe-hiker-trainer-shoes,Blackrock Delaware Steel Toe Hiker Trainer Shoes SF65
gid://shopify/Product/9221156897110,portwest-steelite-leather-work-boot,Portwest Steelite Leather Work Boot
gid://shopify/Product/9221156929878,summer-beach-mens-stripe-swim-shorts,Mens Beach Swim Shorts
gid://shopify/Product/9221156962646,womens-windproof-softshell-jacket-hy17263,Womens Windproof Softshell Jacket HY17263
gid://shopify/Product/9221157028182,trespass-ladies-arabel-jacket,Trespass Ladies Arabel Jacket
gid://shopify/Product/9221157060950,trespass-mens-blustery-jacket,Trespass Mens Blustery Jacket
gid://shopify/Product/9221157126486,trespass-girls-marey-school-jacket,Trespass Girls Marey  Padded School Jacket
gid://shopify/Product/9221157192022,trespass-mens-westmorland-insulated-jacket,Trespass Mens Westmorland Insulated Jacket
gid://shopify/Product/9221157290326,trespass-ladies-tempted-jacket,Trespass Ladies Tempted Jacket
gid://shopify/Product/9221157355862,game-ladies-elise-jacket-and-trouser,Game Ladies Elise Jacket and Trouser
gid://shopify/Product/9221157421398,ladies-game-morgan-antique-wax-jacket-with-belt,Ladies Game Morgan Antique Wax Jacket
gid://shopify/Product/9221157454166,kids-regatta-unisex-breathable-rain-suit,Kids Regatta Unisex Breathable Rain Suit
gid://shopify/Product/9221157519702,ladies-game-penrith-fleece-jacket,Ladies Game Penrith Fleece Jacket
gid://shopify/Product/9221157552470,ladies-game-penrith-fleece-gilet,Ladies Game Penrith Fleece Gilet
gid://shopify/Product/9221157650774,mens-game-stanton-fleece-jacket,Mens Game Stanton Fleece Jacket
gid://shopify/Product/9221157716310,mens-game-stanton-fleece-gilet,Mens Game Stanton Fleece Gilet
gid://shopify/Product/9221157749078,portwest-s999-euro-overall-boiler-suit,Portwest S999 Euro Overall / Boiler Suit
gid://shopify/Product/9221157781846,proclimate-neoprene-waterproof-gloves,Proclimate Neoprene Waterproof Gloves
gid://shopify/Product/9221157814614,ladies-trespass-celebrity-waterproof-padded-coat,Ladies Trespass Celebrity Waterproof Padded Coat
gid://shopify/Product/9221157847382,trespass-ladies-bernadette-hooded-down-jacket,Trespass Ladies Bernadette Hooded Down Jacket
gid://shopify/Product/9221157880150,trespass-ladies-nadina-insulated-jacket,Trespass Ladies Nadina Insulated Jacket
gid://shopify/Product/9221157945686,trespass-boys-holsey-waterproof-parka-jacket,Trespass Boys Holsey Waterproof Parka Jacket
gid://shopify/Product/9221157978454,trespass-ladies-everyday-padded-jacket,Trespass Ladies Everyday Padded Jacket
gid://shopify/Product/9221158043990,regatta-trf515-kids-brigade-ii-full-zip-fleece-jacket,Regatta TRF515 Kids Brigade II Full Zip Fleece Jacket
gid://shopify/Product/9221158109526,regatta-tra309-kids-cadet-parka-jacket,Regatta TRA309 Kids Cadet Parka Jacket
gid://shopify/Product/9221158175062,regatta-tra683-classmate-softshell-jacket,Regatta TRA683 Classmate Softshell Jacket
gid://shopify/Product/9221158306134,regatta-tra318-kids-reflector-jacket,Regatta TRA318 Kids Reflector Jacket
gid://shopify/Product/9221158338902,arctic-storm-overtrousers,Arctic Storm Waterproof Overtrousers
gid://shopify/Product/9221158404438,portwest-action-shorts-s889-multi-pocket-work-shorts,Portwest Action Shorts S889 - Multi Pocket Work Shorts
gid://shopify/Product/9221158502742,portwest-s488-contrast-bib-brace,Portwest S488 Contrast Bib & Brace
gid://shopify/Product/9221158535510,hi-vis-hv030-jogging-shorts,Hi Vis HV030 Jogging Shorts
gid://shopify/Product/9221158568278,adults-unisex-plain-onesies,Adults Unisex Plain Onesies
gid://shopify/Product/9221158601046,green-play-unisex-waterproof-jacket,Green Play Bowlswear Waterproof Jacket
gid://shopify/Product/9221158633814,green-play-bowlswear-waterproof-overtrousers,Green Play Waterproof Overtrousers
gid://shopify/Product/9221158699350,green-play-bowlswear-sweatshirt,Green Play Bowls Sweatshirt
gid://shopify/Product/9221158764886,green-play-ladies-sports-trousers,Green Play Ladies Sports Trousers
gid://shopify/Product/9221158830422,green-play-mens-sports-shirt,Green Play Men's Sports Shirt
gid://shopify/Product/9221158863190,green-play-ladies-sports-blouse,Green Play Sports Blouse
gid://shopify/Product/9221158895958,unisex-sports-baseball-cap,Sports Baseball Cap
gid://shopify/Product/9221158928726,unisex-bowls-logo-baseball-cap,Bowls Logo Baseball Cap
gid://shopify/Product/9221158961494,mens-sports-club-polo-shirt,Sports Club Polo Shirt
gid://shopify/Product/9221158994262,bowlswear-logo-polo-shirt,Men's Bowls Logo Polo Shirt
gid://shopify/Product/9221159027030,ladies-bowls-straight-leg-trousers,Bowls White Straight Leg Trousers
gid://shopify/Product/9221159092566,ladies-bowlswear-trousers,Ladies Bowls Trousers - Grey
gid://shopify/Product/9221159190870,unisex-bowls-waterproof-trousers,Bowls Water Repellent Trousers
gid://shopify/Product/9221159256406,unisex-bowls-logo-cagoule,Bowls Logo Cagoule
gid://shopify/Product/9221159289174,unisex-bowls-polar-fleece-jacket,Bowls Polar Fleece Jacket
gid://shopify/Product/9221159321942,unisex-bowls-mesh-lined-jacket,Bowls Mesh Lined Jacket
gid://shopify/Product/9221159354710,unisex-bowls-fleece-lined-jacket,Bowls Fleece Lined Jacket
gid://shopify/Product/9221159420246,unisex-bowls-gilet,Bowls Logo Fleece Lined Gilet
gid://shopify/Product/9221159453014,green-play-bowlswear-slipover,Green Play Ribbed Slipover
gid://shopify/Product/9221159518550,green-play-ladies-ribbed-cardigan,Green Play Ladies Ribbed Cardigan
gid://shopify/Product/9221159584086,green-play-unisex-bowls-pullover,Green Play Ribbed Pullover
gid://shopify/Product/9221159616854,unisex-bowls-zipper,Bowls Logo Zipper
gid://shopify/Product/9221159649622,ladies-bowls-cardigan,Ladies Bowls Logo Cardigan
gid://shopify/Product/9221159682390,unisex-bowls-slipover,Bowls Logo Slipover
gid://shopify/Product/9221159715158,unisex-bowls-pullover,Bowls Logo Pullover
gid://shopify/Product/9221159747926,standsafe-hi-vis-waterproof-parka-jacket,HV302 Hi Vis Waterproof Parka Jacket
gid://shopify/Product/9221159846230,hi-vis-over-trousers,Hi Vis Over Trousers - Waterproof
gid://shopify/Product/9221159911766,standsafe-hi-vis-polycotton-work-trousers,Standsafe HV023 Hi Vis Polycotton Work Trousers
gid://shopify/Product/9221159977302,standsafe-hi-vis-hooded-zipper,Hi Vis HV008 Hooded Zipper
gid://shopify/Product/9221160010070,standsafe-hi-vis-long-sleeve-polo-shirt,HV005 Hi Vis Long Sleeve Polo Shirt
gid://shopify/Product/9221160075606,standsafe-hi-vis-short-sleeve-polo-shirt,HV004 Hi Vis Short Sleeve Polo Shirt
gid://shopify/Product/9221160108374,yoko-executive-hi-vis-safety-vest,Yoko HVW801 Executive Hi Vis Safety Vest
gid://shopify/Product/9221160141142,hi-vis-crew-neck-sweatshirt,Hi Vis Crew Neck Sweatshirt
gid://shopify/Product/9221160206678,supertouch-waterproof-hi-vis-rainsuits,Supertouch Waterproof Plain and Hi Vis Reflective Rainsuits
gid://shopify/Product/9221160272214,standsafe-hi-vis-joggers,HV021/HV041 Hi Vis Joggers with Cargo Pockets
gid://shopify/Product/9221160337750,hi-vis-kapton-hoodie,Hi Vis Hoodie HV101 HV313
gid://shopify/Product/9221160403286,hi-vis-kapton-zip-hoodie,Hi Vis HV311 Zip Hoodie
gid://shopify/Product/9221160468822,portwest-s843-multi-purpose-apron-with-pocket,Portwest S843 Multi Purpose Apron with Pocket
gid://shopify/Product/9221160567126,portwest-s476-berlin-executive-hi-vis-vest,Portwest S476 Berlin Executive Hi Vis Zip Vest
gid://shopify/Product/9221160632662,portwest-c476-warsaw-executive-hi-vis-vest,Portwest C476 Warsaw Executive Hi Vis Zip Vest
gid://shopify/Product/9221160796502,yoko-hvk06-hi-vis-zip-sweatshirt,Yoko HVK06 Hi Vis Zip Sweatshirt
gid://shopify/Product/9221160862038,yoko-hv058-hi-vis-overall,Yoko HV058 Hi Vis Overall
gid://shopify/Product/9221160927574,kids-unisex-plain-onesies,Kids Unisex Plain Onesies
gid://shopify/Product/9221160993110,toddlers-unisex-plain-onesies,Toddlers Unisex Plain Onesies
gid://shopify/Product/9221161091414,ladies-trespass-clea-waterproof-parka-jacket,Trespass Clea Waterproof Parka Jacket
gid://shopify/Product/9221161189718,girls-packaway-printed-cagoule,Girls Ruth Packaway Printed Cagoule
gid://shopify/Product/9221161255254,boys-trespass-tuff-puffa-jacket,Boys Trespass Tuff Jacket
gid://shopify/Product/9221161353558,mens-portwest-f400-argyle-heavy-fleece-jacket,Portwest F400 Argyle Heavy Fleece Jacket
gid://shopify/Product/9221161419094,ladies-portwest-c837-rachel-long-sleeve-chefs-jacket,Portwest C837 Rachel Long Sleeved Chefs Jacket
gid://shopify/Product/9221161484630,unisex-portwest-c733-cumbria-short-sleeved-chefs-jacket,Portwest C733 Cumbria Short Sleeved Chefs Jacket
gid://shopify/Product/9221161517398,mens-portwest-c079-bromley-chefs-trousers,Portwest C079 Bromley Chefs Trousers
gid://shopify/Product/9221161615702,mens-standsafe-two-tone-softshell-jacket,StandSafe WK009 Two Tone SoftShell Jacket
gid://shopify/Product/9221161714006,mens-portwest-b308-xenon-hi-vis-top,Portwest B308 Xenon Hi Vis Top
gid://shopify/Product/9221161812310,mens-portwest-tx11-texo-contrast-work-cargo-trousers,Portwest TX11 Texo Contrast Cargo Trousers
gid://shopify/Product/9221161910614,mens-portwest-tx55-nantes-hi-vis-overalls-with-kneepad-pockets,Portwest TX55 Nantes Hi Vis Overalls with Kneepad Pockets
gid://shopify/Product/9221162041686,mens-portwest-tx51-lyons-hi-vis-work-trousers,Portwest TX51 Lyons Hi Vis Cargo Trousers
gid://shopify/Product/9221162074454,mens-portwest-s887-action-cargo-work-trousers-with-kneepad-pocket,Portwest S887 Action Cargo Trousers With Kneepad Pockets
gid://shopify/Product/9221162172758,unisex-hi-vis-vest,Hi Vis HV001 Safety Vest
gid://shopify/Product/9221162238294,mens-hi-vis-bomber-jacket,Hi Vis HV301 Bomber Jacket
gid://shopify/Product/9221162303830,ladies-regatta-tra442-tarah-quilted-jacket,Regatta TRA442 Tarah Diamond Quilted Jacket
gid://shopify/Product/9221162336598,ladies-fishtail-festival-cagoules,Fishtail Festival Cagoules
gid://shopify/Product/9221162369366,ladies-trespass-thundery-waterproof-parka-jacket,Ladies Trespass Thundery Waterproof Parka Jacket
gid://shopify/Product/9221162402134,ladies-trespass-bela-ii-softshell-jacket,Trespass Bela II Softshell Jacket
gid://shopify/Product/9221162434902,ladies-trespass-padded-jenna-jacket,Trespass Padded Jenna Jacket
gid://shopify/Product/9221162467670,ladies-game-cantrell-antique-wax-jacket,Game Cantrell Padded Antique Waxed Jacket
gid://shopify/Product/9221162500438,ladies-game-zara-quilted-wax-jacket,Game Zara Quilted Wax Jacket
gid://shopify/Product/9221162533206,ladies-game-fitted-antique-wax-jacket,Ladies Game Fitted Antique Wax Jacket
gid://shopify/Product/9221162598742,ladies-purple-pink-check-tweed-gilet,Ladies Game Ruby/Abby Tweed Gilet
gid://shopify/Product/9221162631510,ladies-ruby-abby-check-tweed-jacket,Ladies Game Ruby/Abby Tweed Jacket
gid://shopify/Product/9221162664278,ladies-game-tweed-gilet,Ladies Game Tweed Gilet
gid://shopify/Product/9221162729814,childrens-derby-tweed-gilet,Children's Game Tweed Gilet
gid://shopify/Product/9221162762582,game-mens-derby-tweed-breeks,Game Tweed Breeks
gid://shopify/Product/9221162828118,mens-tweed-jacket,Men's Game Tweed Jacket
gid://shopify/Product/9221162893654,ladies-tweed-jacket,Ladies Game Tweed Jacket
gid://shopify/Product/9221162959190,mens-derby-tweed-gilet,Men's Game Tweed Gilet
gid://shopify/Product/9221162991958,unisex-adults-regatta-stormbreak-waterproof-over-trousers,Adults Regatta Stormbreak Waterproof Over Trousers
gid://shopify/Product/9221163057494,unisex-adults-regatta-stormbreak-waterproof-jacket,Adults Regatta Stormbreak Waterproof Jacket
gid://shopify/Product/9221163090262,childrens-tweed-flat-cap,Childrens Tweed Flat Cap
gid://shopify/Product/9221163123030,mens-wax-cotton-bush-hat,Wax Cotton Bush Hat
gid://shopify/Product/9221163188566,mens-tweed-flat-cap,Game Tweed Flat Cap
gid://shopify/Product/9221163286870,mens-game-en206-stealth-fleece,Game EN206 Stealth Fleece
gid://shopify/Product/9221163385174,mens-game-lightweight-wax-jacket,Game Unpadded Lightweight Wax Jacket
gid://shopify/Product/9221163516246,mens-game-tecl-wood-stealth-waterproof-trousers,Game EN302 Stealth Waterproof Trousers
gid://shopify/Product/9221163614550,mens-game-en207-stealth-jacket,Game EN207 Stealth Jacket
gid://shopify/Product/9221163712854,mens-game-camouflage-zip-hoodie,Game Camouflage Zip Hoodie
gid://shopify/Product/9221163811158,mens-game-camouflage-joggers,Game Camouflage Joggers
gid://shopify/Product/9221163876694,mens-game-camouflage-hoodie,Game Camouflage Hoodie
gid://shopify/Product/9221163909462,mens-basilio-rugby-trousers,Basilio Rugby Trousers
gid://shopify/Product/9221163974998,mens-tom-swim-shorts,Tom Swim Shorts
gid://shopify/Product/9221164040534,mens-standsafe-wk020-contrast-work-shorts,Standsafe WK020 Contrast Work Shorts
gid://shopify/Product/9221164106070,mens-26a326-knitted-sleeveless-jumper,26A326 Knitted Sleeveless Jumper
gid://shopify/Product/9221164138838,mens-comfy-fleece-zip-hoody,Urban Road Plain Zip Hoodie
gid://shopify/Product/9221164237142,mens-plain-fleece-jogging-bottoms,Urban Road Plain Jogging Bottoms
gid://shopify/Product/9221164269910,mens-trespass-corvo-waterproof-jacket,Trespass Corvo Waterproof Jacket
gid://shopify/Product/9221164335446,mens-midland-wateproof-riding-jacket,Midland Waterproof Riding Jacket
gid://shopify/Product/9221164466518,mens-trespass-clasp-padded-gilet,Trespass Clasp Padded Gilet - Clearance
gid://shopify/Product/9221164532054,mens-regatta-tra671-arley-standout-softshell-jacket,Regatta TRA671 Arley Standout Softshell Jacket
gid://shopify/Product/9221164597590,mens-trespass-jaydin-waterproof-parka-jacket,Trespass Jaydin Waterproof Parka Jacket
gid://shopify/Product/9221164630358,mens-trespass-digby-packaway-down-jacket,Trespass Digby Packaway Down Jacket
gid://shopify/Product/9221164663126,mens-trespass-accelerator-ii-softshell-jacket,Trespass Men's Accelerator II Softshell Jacket
gid://shopify/Product/9221164695894,mens-game-antique-wax-cape,Game Kensington Antique Wax Short Cape
gid://shopify/Product/9221164761430,mens-trespass-bank-padded-jacket,Trespass Bank Padded Jacket
gid://shopify/Product/9221164794198,mens-multi-pocket-padded-gilet,Multi Pocket Padded Gilet
gid://shopify/Product/9221164826966,mens-suffolk-padded-multi-pocket-gilet,Suffolk Padded Multi Pocket Gilet
gid://shopify/Product/9221164859734,mens-game-winchester-antique-wax-jacket,Game Winchester Antique Wax Jacket
gid://shopify/Product/9221164892502,mens-game-barker-wax-jacket,Game Barker Antique Wax Jacket
gid://shopify/Product/9221164925270,mens-trespass-masonville-1-4-zip-fleece,Trespass Masonville 1/4 Zip Fleece
gid://shopify/Product/9221165154646,mens-game-speedway-quilted-wax-biker-jacket,Game Speedway Quilted Wax Jacket
gid://shopify/Product/9221165187414,mens-game-continental-wax-jacket,Game Continental Wax Jacket
gid://shopify/Product/9221165220182,mens-game-oxford-quilted-wax-jacket,Game Oxford Quilted Wax Jacket
gid://shopify/Product/9221165252950,mens-classic-harrington-jackets-made-in-uk,Classic Harrington Jackets - Made in the UK
gid://shopify/Product/9221165416790,mens-game-padded-wax-jacket,Game Classic Padded Wax Jacket up to 5XL
gid://shopify/Product/9221165515094,unisex-adults-packaway-cagoules,Unisex Adults Packaway Cagoules
gid://shopify/Product/9221165547862,mens-game-wax-gilet,Game Classic Wax Gilet
gid://shopify/Product/9221165580630,game-stockman-wax-cape,Game Wax Stockman Long Cape
gid://shopify/Product/9221165711702,kids-trespass-button-padded-waterproof-all-in-one-suit,Kids Trespass Button Waterproof All-In-One Suit
gid://shopify/Product/9221165777238,kids-plain-packaway-cagoules,Kids Plain Packaway Cagoules
gid://shopify/Product/9221165842774,kids-trespass-dripdrop-padded-waterproof-all-in-one-suit,Kids Trespass Dripdrop Padded Waterproof All-In-One Suit
gid://shopify/Product/9221165875542,kids-regatta-stormbreak-waterproof-jacket,Kids Regatta Stormbreak Waterproof Jacket
gid://shopify/Product/9221165973846,kids-regatta-stormbreak-waterproof-over-trousers,Kids Regatta Stormbreak Waterproof Overtrousers
gid://shopify/Product/9221166006614,kids-trespass-cornell-jacket,Kids Trespass Cornell Jacket
gid://shopify/Product/9221166039382,kids-unbranded-harrington-jacket,Children's Harrington Jackets Made in the UK
gid://shopify/Product/9221166072150,kids-game-wax-jacket-wholesale,Game Childrens Quilted Wax Jacket
gid://shopify/Product/9221166137686,kids-regatta-dover-jacket,Kids Regatta Dover Waterproof Fleece-lined Jacket
gid://shopify/Product/9221166203222,kids-game-woodland-camouflage-tracksuits,Children's Game Woodland Camouflage Tracksuit
gid://shopify/Product/9221166235990,mens-professional-workwear-trousers,Professional Workwear Cargo Trousers
gid://shopify/Product/9221166301526,mens_tuffstuff_x-motopn_work_trousers_725,Mens Tuffstuff X-MotIon Work Trousers - 725
gid://shopify/Product/9221166334294,mens_tuffstuff_hatton_jacket_273,Mens Tuffstuff Hatton Jacket - 273
gid://shopify/Product/9221166399830,tuffstuff_knee_pad_779,Tuffstuff Knee Pad - 779
gid://shopify/Product/9221166432598,mens_tuffstuff_stanton_softshell_jacket_252,Mens Tuffstuff Stanton Softshell Jacket - 252
gid://shopify/Product/9221166530902,mens_tuffstuff_elite_bodywarmer_235,Mens Tuffstuff Elite Bodywarmer - 235
gid://shopify/Product/9221166563670,mens_tuffstuff_excel_work_trousers_710,Mens Tuffstuff Excel Work Trousers - 710
gid://shopify/Product/9221166629206,mens_tuffstuff_extreme_work_trousers_700,Mens Tuffstuff Extreme Work Trousers - 700
gid://shopify/Product/9221166694742,mens-fort-lincoln-fleece-lined-gilet,Mens Fort Lincoln Bodywarmer - 231
gid://shopify/Product/9221166793046,mens-fort-wroxham-quilted-gilet,Mens Fort Wroxham Quilted Gilet - 222
gid://shopify/Product/9221166924118,mens_fort_easton_pullover_238,Mens Fort Easton Pullover - 238
gid://shopify/Product/9221166956886,adults_fort_tearaway_junior_coverall_333,Kids Fort Tearaway Coverall - 333
gid://shopify/Product/9221166989654,adults_fort_flex_coverall_320,Fort Flex Waterproof Coverall - 320
gid://shopify/Product/9221167022422,mens_fort_flex_trousers_920,Mens Fort Flex Trousers - 920
gid://shopify/Product/9221167120726,mens_fort_flex_jacket_220,Mens Fort Flex Jacket - 220
gid://shopify/Product/9221167153494,mens_fort_holkham_softshell_jacket_234,Mens Fort Holkham Softshell Jacket - 234
gid://shopify/Product/9221167186262,mens_fort_crew_neck_combat_jumper,Mens Fort Crew Neck Combat Jumper - 120
gid://shopify/Product/9221167219030,mens_fort_camouflage_combat_trousers_901c,Mens Fort Camouflage Combat Trousers - 901C
gid://shopify/Product/9221167284566,mens_fort_combat_trousers_901,Mens Fort Combat Trousers - 901
gid://shopify/Product/9221167317334,mens_fort_selkirk_softshell_jacket_204,Mens Fort Selkirk Softshell Jacket - 204
gid://shopify/Product/9221167350102,mens-trespass-wytonhill-coat-padded-jacket,Mens Trespass WYTONHILL Coat Padded Jacket - Clearance
gid://shopify/Product/9221167415638,kids-trespass-unlock-waterproof-padded-jacket,Boys Trespass UNLOCK Waterproof Padded Jacket
gid://shopify/Product/9221167481174,kids-trespass-rhoda-fishtail-padded-jacket,Kids Trespass Rhoda Fishtail Padded Jacket
gid://shopify/Product/9221167579478,girls-softshell-fleece-lined-overall,Girls Softshell Fleece Lined Rainsuit
gid://shopify/Product/9221167645014,mens-blackrock-wilson-steel-toe-safety-hiker,BlackRock Wilson Steel Toe Safety Hiker
gid://shopify/Product/9221167710550,mens-blackrock-wilson-steel-toe-safety-trainer,Mens BlackRock Wilson Steel Toe Safety Trainer
gid://shopify/Product/9221167743318,mens-blackrock-dover-steel-toe-safety-trainers,Blackrock Dover Steel Toe Safety Trainers
gid://shopify/Product/9221167776086,adults-portugal-t-shirt,Adults Portugal T-Shirt
gid://shopify/Product/9221167808854,adults-spain-t-shirt,Adults Spain T-Shirt
gid://shopify/Product/9221167874390,adults-sweden-t-shirt,Adults Sweden T-Shirt
gid://shopify/Product/9221167939926,adults-turkey-t-shirt,Adults Turkey T-Shirt
gid://shopify/Product/9221167972694,adults-hi-vis-baseball-cap-1,Adults Hi Vis Baseball Cap
gid://shopify/Product/9221168005462,adults-scotland-baseball-cap-1,Adults Scotland Baseball Cap
gid://shopify/Product/9221168038230,fathers-day-greatest-farter-hoodie,Father's Day - Greatest Farter Hoodie
gid://shopify/Product/9221168103766,fathers-day-best-farter-hoodie,Father's Day - Best Farter Hoodie
gid://shopify/Product/9221168234838,mens-crew-neck-best-farter-t-shirt,Father's Day  'Best Farter' T-Shirt
gid://shopify/Product/9221168333142,mens-crew-neck-greatest-farter-t-shirt,Father's Day 'Greatest Farter' T-Shirt
gid://shopify/Product/9221168365910,mens-superdad-hoodie-printed-sweatshirt-hooded-top,Father's Day - Super Dad Hoodie
gid://shopify/Product/9221168431446,mens-crew-neck-superdad-t-shirt,Father's Day - Super Dad T-Shirt
gid://shopify/Product/9221168464214,kids-junior-outdoor-activity-action-workwear-cargo-trousers-1,Kids Action Cargo Trousers - L896
gid://shopify/Product/9221168496982,kids-outdoor-activity-action-cargo-trousers,Kids Action Cargo Trousers - L897
gid://shopify/Product/9221168529750,womens-linen-blend-knee-shorts,Womens Linen Blend Knee Shorts - 2575
gid://shopify/Product/9221168562518,womens-casual-summer-linen-shorts,Womens Casual Summer Linen Shorts - 2578
gid://shopify/Product/9221168628054,mens-slim-fit-denim-shorts-2,Mens Slim Fit Denim Shorts T-607
gid://shopify/Product/9221168726358,ladies-linen-summer-shorts-1,Ladies Linen Summer Shorts - 2595
gid://shopify/Product/9221168759126,ladies-linen-summer-shorts,Ladies Linen Summer Shorts - 2577
gid://shopify/Product/9221168791894,mens-slim-fit-denim-shorts-1,Mens Slim Fit Denim Shorts T_609
gid://shopify/Product/9221168824662,mens-slim-fit-denim-shorts,Mens Slim Fit Denim Shorts T_608
gid://shopify/Product/9221168857430,womens-linen-summer-shorts-1,Womens Linen Summer Shorts - 2592
gid://shopify/Product/9221168955734,kids-girls-denim-shorts,Kids Girls Denim Shorts
gid://shopify/Product/9221169021270,womens-linen-summer-shorts,Womens Linen Summer Shorts - 2574
gid://shopify/Product/9221169054038,girls-distressed-ripped-denim-shorts,Girls Distressed Ripped Denim Shorts
gid://shopify/Product/9221169152342,security-staff-uniform-premium-polo-shirt,Security Staff Uniform Premium Polo Shirt
gid://shopify/Product/9221169217878,adults-kigurumi-novelty-onesies,Adults Kigurumi/Novelty Onesies
gid://shopify/Product/9221169348950,kids-kigurumi-novelty-onesies,Kids Kigurumi/Novelty Onesies
gid://shopify/Product/9221169512790,adults-beechfield-original-5-panel-adjustable-cap,Adults Beechfield Original 5 Panel Adjustable Cap
gid://shopify/Product/9221169578326,12-x-baratec-protective-latex-gripper-glove-wet-dry-conditions,12 x Baratec Protective Latex Gripper Glove - Wet & Dry Conditions
gid://shopify/Product/9221169611094,12-x-baratec-warm-workwear-protective-thermal-gripper-glove,12 x Baratec Warm Workwear Protective Thermal Gripper Glove
gid://shopify/Product/9221169643862,12-x-baratec-workwear-protective-nitrile-coated-grip-glove-with-elactic-wrist,12 x Baratec Protective Nitrile Coated Grip Glove with Elactic Wrist
gid://shopify/Product/9221169676630,12-x-baratec-workwear-gripper-glove-with-pu-coated-palm-fingers,12 x Baratec Workwear Gripper Glove with PU Coated Palm & Fingers
gid://shopify/Product/9221169709398,kids-trespass-splash-ii-wellies-waterproof-wellington-boots,Kids Trespass Splash II Wellies Waterproof Wellington Boots
gid://shopify/Product/9221169774934,mens-trespass-lochlyn-walking-boots-waterproof-vibram-breathable-gusseted-tongue,Mens Trespass Lochlyn Walking Boots Waterproof Breathable Gusseted Tongue
gid://shopify/Product/9221169840470,girls-trespass-bloss-kids-outdoor-waterproof-rubber-wellies-boots,Girls Trespass Bloss Kids Waterproof Wellies
gid://shopify/Product/9221169873238,mens-trespass-franklyn-padded-gilet,Mens Trespass Franklyn Padded Gilet
gid://shopify/Product/9221169938774,boonie-bush-hat,Boonie Bush Hat
gid://shopify/Product/9221170004310,ladies-trespass-aretha-light-padded-bodywarmer,Ladies Trespass Aretha Gilet
gid://shopify/Product/9221170069846,portwest-a120-pu-palm-gloves-12-pack,Portwest A120 PU Palm Gloves - 12 Pack
gid://shopify/Product/9221170135382,portwest-a140-thermal-grip-latex-gloves-12-pack,Portwest A140 Thermal Grip Latex Gloves - 12 Pack
gid://shopify/Product/9221170233686,trespass-phyllis-ladies-long-length-down-jacket,Ladies Trespass Phyllis Long Length Jacket
gid://shopify/Product/9221170299222,trespass-boys-sidespin-insulated-jacket,Trespass Boys Sidespin Insulated Jacket
gid://shopify/Product/9221170331990,ladies-trespass-franchesca-waterproof-jacket,Trespass Franchesca Waterproof Jacket
gid://shopify/Product/9221170397526,hi-vis-polycotton-cargo-combat-work-trousers,Hi Vis Polycotton Cargo Trousers - HV516
gid://shopify/Product/9221170528598,mens_brave_soul_quilted_hooded_jacket_jermainev2,Mens Brave Soul Jermaine V2 Quilted Jacket
gid://shopify/Product/9221170692438,mens_brave_soul_pp_padded_hooded_jacket_grant,Mens Brave Soul Grant PP Padded Jacket
gid://shopify/Product/9221170790742,mens_brave_soul_pp_padded_funnel_neck_pack_away_jacket_hike,Mens Brave Soul Hike PP Padded Jacket
gid://shopify/Product/9221170889046,boys_brave_soul_hooded_parka_jacket_wonderwall,Boys Brave Soul Wonderwall Parka Jacket
gid://shopify/Product/9221171020118,boys_brave_soul_padded_hooded_jacket_trailblazer,Boys Brave Soul Trailblazer Padded Jacket
gid://shopify/Product/9221171052886,boys_brave_soul_high_shine_padded_hooded_jakcet_miguel,Boys Brave Soul Miguel Padded Jacket
gid://shopify/Product/9221171151190,boys_brave_soul_pp_padded_hooded_jacket_x2_lower_grant,Boys Brave Soul Grant PP Padded Jacket
gid://shopify/Product/9221171183958,boys_brave_soul_padded_hooded_longline_jacket_allenb,Boys Brave Soul Allenb Padded Jacket
gid://shopify/Product/9221171249494,girls_brave_soul_unlined_228t_milky_coated_jacket_digger,Girls Brave Soul Digger 228T Jacket
gid://shopify/Product/9221171282262,girls_brave_soul_camo_pp_padded_hooded_jacket_grantcamo,Girls Brave Soul Grantcamo PP Padded Jacket
gid://shopify/Product/9221171347798,mens-brave-soul-grant-padded-jacket,Mens Brave Soul Grant Padded Jacket
gid://shopify/Product/9221171446102,mens-brave-soul-blackburn-padded-hooded-gilet,Mens Brave Soul BlackBurn  Gradient Gilet
gid://shopify/Product/9221171478870,mens-brave-soul-blackburn-padded-gilet,Mens Brave Soul BlackBurn Gilet
gid://shopify/Product/9221171577174,mens-brave-soul-carnforth-jersey-padded-gilet,Mens Brave Soul Carnforth Padded Gilet
gid://shopify/Product/9221171609942,ladies-brave-soul-hopelong-bubble-padded-gilet,Ladies Brave Soul Hoplong Padded Gilet
gid://shopify/Product/9221171708246,ladies-brave-soul-grantlong-bubble-padded-long-coat,Ladies Brave Soul Grantlong Padded Long Coat
gid://shopify/Product/9221171741014,adults-tee-xms5-theres-some-hos-in-this-house-custompx,"Adults XMS5 ""There's Some Hos in This House"" T-Shirt"
gid://shopify/Product/9221171806550,adults-tee-xms4-penguin-custompx,"Adults XMS4 ""Penguin"" T-Shirt"
gid://shopify/Product/9221171839318,adults-tee-xms3-lets-get-baked-custompx,"Adults XMS3 ""Let's Get Baked"" T-Shirt"
gid://shopify/Product/9221171904854,adults-tee-xms2-sitting-reindeer-custompx,"Adults XMS2 ""Sitting Reindeer"" T-Shirt"
gid://shopify/Product/9221172003158,adults-hoody-xms5-theres-some-hos-in-this-house-custompx,"Adults XMS5 ""There's Some Hos in This House"" Hoodie"
gid://shopify/Product/9221172101462,adults-hoody-xms3-lets-get-baked-custompx,"Adults XMS3 ""Let's Get Baked"" Hoodie"
gid://shopify/Product/9221172166998,adults-hoody-xms2-sitting-reindeer-custompx,"Adults XMS2 ""Sitting Reindeer"" Hoodie"
gid://shopify/Product/9221172265302,adults-hoody-xmas1-hiding-reindeer-custompx,"Adults XMS1 ""Hiding Reindeer"" Hoodie"
gid://shopify/Product/9221172363606,kids-tuffstuff-711j-pro-work-trousers,Kids Tuffstuff 711J Pro Work Trousers
gid://shopify/Product/9221172429142,ladies-trespass-paloma-padded-jacket,Ladies Trespass Paloma Padded  Jacket
gid://shopify/Product/9221172461910,ladies-trespass-faith-padded-long-length-jacket,Ladies Trespass Faith Padded Long Length Jacket
gid://shopify/Product/9221172527446,blackrock-composite-tactical-ensign-work-trainers,BlackRock Composite Tactical Ensign Work Trainers
gid://shopify/Product/9221172592982,blackrock-tactical-officer-shoe-of01,BlackRock Tactical Officer Shoe - OF01
gid://shopify/Product/9221172691286,blackrock-tactical-marshal-hiker-of02,BlackRock Tactical Marshal Hiker - OF02
gid://shopify/Product/9221172724054,blackrock-tactical-commander-boot-of04,BlackRock Tactical Commander Boot - OF04
gid://shopify/Product/9221172756822,blackrock-tactical-emergency-service-safety-boot-cf20,BlackRock Tactical Emergency Service Safety Boot - CF20
gid://shopify/Product/9221172855126,kids-hoody-xmas1-hiding-reindeer-custompx,"Kids XMAS1 ""Hiding Reindeer"" Hoodie"
gid://shopify/Product/9221172986198,kids-hoody-xms4-penguin-custompx,"Kids XMS4 ""Penguin"" Hoodie"
gid://shopify/Product/9221173084502,kids-hoody-xms2-sitting-reindeer-custompx,"Kids XMS2 ""Sitting Reindeer"" CustomPX Hoodie"
gid://shopify/Product/9221173150038,mens-winter-warm-long-sleeve-crew-neck-jumper,Mens Crew Neck Jumper - 289
gid://shopify/Product/9221173248342,karrimor-ladies-weathertite-spike-mid-rise-boots,Karrimor Ladies K951 Weathertite Spike Mid Rise Boots
gid://shopify/Product/9221173281110,kids-boys-game-tattersall-check-shirt,Kids Game Tattersall Check Shirt
gid://shopify/Product/9221173477718,kids-trespass-keynote-fleece-top,Kids Trespass Keynote Fleece Top
gid://shopify/Product/9221173510486,ladies-brave-soul-padded-long-parka-coat,Ladies Brave Soul Step Padded Parka Jacket
gid://shopify/Product/9221173576022,mens-brave-soul-averest-padded-jacket,Mens Brave Soul Averest Padded Jacket
gid://shopify/Product/9221173608790,boys-padded-quilted-parka-coat-jacket,Boys Padded Quilted Parka Jacket - 1363
gid://shopify/Product/9221173707094,ladies-brave-soul-slaypeach-puffer-jacket,Ladies Brave Soul Slaypeach Puffer Jacket
gid://shopify/Product/9221173739862,adults-knitted-ribbed-insulated-beanie-hat,Adults Knitted Ribbed Insulated Beanie Hat
gid://shopify/Product/9221173838166,girls-brave-soul-grantplain-padded-jacket,Girls Brave Soul Grant Padded Jacket
gid://shopify/Product/9221173969238,ladies-brave-soul-everettlong2-padded-jacket,Ladies Brave Soul EverettLong2 Padded Jacket
gid://shopify/Product/9221174002006,ladies-brave-soul-everett2-padded-hooded-jacket,Ladies Brave Soul Everett2 Padded Hooded Jacket
gid://shopify/Product/9221174100310,mens-brave-soul-oakwood-padded-long-parka-jacket,Mens Brave Soul Oakwood Padded Parka Jacket
gid://shopify/Product/9221174133078,ladies-brave-soul-wizard-padded-jacket,Ladies Brave Soul Wizard Padded Jacket
gid://shopify/Product/9221174231382,ladies-brave-soul-dominicalong-padded-jacket,Ladies Brave Soul Dominica Long Padded Jacket
gid://shopify/Product/9221174264150,mens-brave-soul-rory20-padded-jacket,Mens Brave Soul Rory20 Padded Jacket
gid://shopify/Product/9221174329686,mens-brave-soul-daviscord-padded-jacket,Mens Brave Soul Daviscord Padded Jacket
gid://shopify/Product/9221174395222,mens-brave-soul-davislong-padded-longline-thigh-length-jacket,Mens Brave Soul Davis Long Padded Jacket
gid://shopify/Product/9221174460758,kids-padded-fleece-lined-parka-coat,Kids Padded Fleece Lined Parka - P998
gid://shopify/Product/9221174526294,adults-winter-warm-fleece-gloves,Adults Warm Fleece Gloves - AT188
gid://shopify/Product/9221174591830,adults-winter-warm-thermal-waterproof-ski-gloves,Adults Thermal Waterproof Ski Gloves - MA445
gid://shopify/Product/9221174657366,adults-waterproof-thinsulate-beanie,Adults Proclimate Waterproof Thinsulate Beanie
gid://shopify/Product/9221174755670,adults-winter-warm-thermal-trapper-hat,Adults Waterproof Thermal Trapper Hat
gid://shopify/Product/9221174788438,proclimate-mens-thinsulate-gloves,ProClimate Mens Thinsulate Gloves - 5773
gid://shopify/Product/9221174853974,mens-thinsulate-winter-warm-fleece-lined-ribbed-beanie-hat,Thinsulate Fleece Lined Ribbed Beanie Hat - MA295
gid://shopify/Product/9221174886742,mens-brave-soul-anderton-funnel-neck-padded-jacket,Brave Soul Anderton Padded Jacket
gid://shopify/Product/9221174919510,mens-brave-soul-speed2-oversized-padded-jacket,Brave Soul Speed2 Padded Jacket
gid://shopify/Product/9221175017814,ladies-brave-soul-charlene-padded-knee-length-coat,Brave Soul Charlene Padded Coat
gid://shopify/Product/9221175050582,ladies-brave-soul-charlotte-fishtail-parka-long-coat,Brave Soul Charlotte Fishtail Parka
gid://shopify/Product/9221175148886,ladies-brave-soul-vicky-long-coat,Ladies Brave Soul Vicky Long Coat
gid://shopify/Product/9221175181654,game-mens-camouflage-jacket-trouser,Game Stealth Teclwood Trouser
gid://shopify/Product/9221175345494,mens-tuffstuff-elite-work-shorts,Mens Tuffstuff Elite Work Shorts
gid://shopify/Product/9221175378262,mens-tuffstuff-pro-cargo-work-shorts,811 Tuffstuff Pro Cargo Work Shorts
gid://shopify/Product/9221175443798,mens-tuffstuff-enduro-cargowork-shorts,844 Tuffstuff Enduro CargoWork Shorts
gid://shopify/Product/9221175509334,mens-brave-soul-69maximise-hoody-shorts-sweat-set,Mens Brave Soul MAXIMISE Hoody & Shorts Set
gid://shopify/Product/9221175607638,mens-trespass-lenek-softshell-jacket,Mens Trespass LENEK SoftShell Jacket
gid://shopify/Product/9221175640406,mens-brave-soul-meir-camo-shorts,Mens Brave Soul MEIR Camo Shorts
gid://shopify/Product/9221175673174,mens-brave-soul-hudson-denim-jacket,Mens Brave Soul Hudson Denim Jacket
gid://shopify/Product/9221175804246,ladies-brave-soul-blushing-fishtail-jacket,Ladies Brave Soul Blushing Fishtail Jacket
gid://shopify/Product/9221175837014,mens-tracksuit-set-shorts-with-pullover-hoody,Mens Shorts with Hoodie Set
gid://shopify/Product/9221175935318,kids-trespass-aretha-hooded-gilet,Kids Trespass Aretha Gilet
gid://shopify/Product/9221176000854,ladies-brave-soul-mila-padded-gilet,Ladies Brave Soul Mila Padded Gilet
gid://shopify/Product/9221176066390,mens-brave-soul-polar-denim-jacket,Mens Brave Soul Polar Denim Jacket
gid://shopify/Product/9221176099158,ladies-trespass-audrey-padded-long-length-jacket,Ladies Trespass Audrey Padded Long Length Jacket
gid://shopify/Product/9221176230230,ladies-brave-soul-blooms-denim-jacket,Ladies Brave Soul Blooms Denim Jacket
gid://shopify/Product/9221176262998,mens-lightweight-hooded-windbreaker-jacket,Mens Lightweight Rain Jacket
gid://shopify/Product/9221176328534,adults-master-baiter-fishing-logo-printed-t-shirt,"Adults ""Master Baiter"" Fishing Logo Printed T-Shirt"
gid://shopify/Product/9221176361302,adults-good-things-come-to-those-who-bait-printed-t-shirt,"Adults ""Good Things Come To Those Who Bait"" Printed T-Shirt"
gid://shopify/Product/9221176492374,adults-born-to-fish-forced-to-work-printed-short-sleeve-t-shirt,"Adults ""Born To Fish - Forced To Work"" Printed T-Shirt"
gid://shopify/Product/9221176656214,mens-game-camouflage-t-shirt,Game Camouflage T-Shirt
gid://shopify/Product/9221176721750,karrimor-ladies-weathertite-spike-mid-rise-boots-1,Karrimor Ladies Weathertite Spike Low Rise Boots
gid://shopify/Product/9221176820054,ladies-brave-soul-devan-hooded-mac,Ladies Brave Soul Devan Hooded Rain Mac
gid://shopify/Product/9221176885590,ladies-brave-soul-ravespots-dot-print-hooded-mac,Ladies Brave Soul Ravespots Rain Mac
gid://shopify/Product/9221176951126,mens-brave-soul-69meadvale-short-sleeve-top-shorts-set,Men's Brave Soul Meadvale Top & Shorts Set
gid://shopify/Product/9221177016662,mens-brave-soul-69meadvale-short-sleeve-top-shorts-set-1,Mens Brave Soul 69GORM16 Gym & Sports Casual Shorts
gid://shopify/Product/9221177049430,ladies-brave-soul-lolo-ditsy-hooded-jacket,Ladies Brave Soul Lolo Ditsy Rain Mac
gid://shopify/Product/9221177114966,mens-camo-ripstop-camouflage-cargo-combat-shorts,Mens Ripstop Camouflage Cargo Shorts
gid://shopify/Product/9221177246038,girls-soul-star-thailand-jacket,Girls Brave Soul Thailand Jacket
gid://shopify/Product/9221177344342,girls-brave-soul-snowstars-jacket,Girls Brave Soul Snowstars Jacket
gid://shopify/Product/9221177377110,hi-vis-pullover-hoodie-av034,Aviator Hi Vis Pullover Hoodie - AV034
gid://shopify/Product/9221177508182,hi-vis-zip-hoodie-av036,Aviator Hi Vis Zip Hoodie - AV036
gid://shopify/Product/9221177540950,unisex-trespass-qikpac-waterproof-packaway-jacket,Trespass Qikpac Waterproof Packaway Jacket - Clearance
gid://shopify/Product/9221177639254,trespass-fell-ladies-hiking-trainers-trekking-boots-walking-shoes,Trespass Fell Ladies Hiking Shoes - Clearance
gid://shopify/Product/9221177704790,trespass-starryton-kids-outdoor-waterproof-rubber-wellies,Trespass Starryton Kids Outdoor Waterproof Rubber Wellies
gid://shopify/Product/9221177835862,unisex-kids-trespass-trumpet-wellies,Unisex Kids Trespass Trumpet Wellies
gid://shopify/Product/9221177934166,trespass-ritchie-outdoor-camping-chair,Trespass Ritchie Outdoor Camping Chair
gid://shopify/Product/9221177999702,unisex-kids-trespass-apolloton-wellies,Trespass Apolloton Kids Waterproof Rubber Wellies
gid://shopify/Product/9221178098006,girls-trespass-tiffy-puffa-jacket,Girls Trespass Tiffy Puffa Jacket - Clearance
gid://shopify/Product/9221178261846,ladies-trespass-damon-waterproof-wellingtons,Ladies Trespass Damon Waterproof Wellingtons
gid://shopify/Product/9221178327382,mens-trespass-recon-x-waterproof-wellingtons,Mens Trespass 'Recon- X' Waterproof Wellingtons
gid://shopify/Product/9221178458454,mens-trespass-finley-mid-cut-hiking-boot-walking-shoes,Mens Trespass Finley Mid Cut Walking Shoes
gid://shopify/Product/9221178523990,trespass-trek-66-litre-camping-hiking-bag-travel-backpack,Trespass 'Trek' 66 Litre Camping Hiking Bag Travel Backpack
gid://shopify/Product/9221178556758,kids-trespass-qikpac-waterproof-jacket-boys-girls-raincoat,Kids Trespass Qikpac Waterproof Jacket
gid://shopify/Product/9221178655062,trespass-mens-wellies-knee-length-wellington-boots-beck,Trespass Beck Wellies
gid://shopify/Product/9221178720598,ladies-trespass-mitzi-mid-cut-hikers,Ladies Trespass Mitzi Mid Cut Hikers
gid://shopify/Product/9221178753366,mens-multi-pocket-utility-vest,Multi Pocket Utility Vest
gid://shopify/Product/9221178917206,adults-plain-sweatshirt-ucc011,Adults Plain Sweatshirt - UCC011
gid://shopify/Product/9221179048278,girls-brave-soul-grantlong-jacket,Girls Brave Soul GRANTLONG Jacket
gid://shopify/Product/9221179081046,mens-game-en306-stealth-shell-fleece-3in1-hunting-jacket,Mens Game EN306 Stealth Shell & Fleece 3in1 Hunting Jacket
gid://shopify/Product/9221179146582,mens-champion-highgrove-waterproof-long-coat,Mens Champion Highgrove Waterproof Long Coat
gid://shopify/Product/9221179212118,ladies-champion-vermont-winter-warm-puffer-padded-gilet,Ladies Champion Vermont Winter Warm Puffer Padded Gilet
gid://shopify/Product/9221179277654,mens-champion-padstow-diamond-quilted-jacket,Mens Champion Padstow Diamond Quilted Jacket
gid://shopify/Product/9221179343190,mens-champion-arundel-fleece-lined-gilet,Mens Champion Arundel Fleece Lined Gilet
gid://shopify/Product/9221179441494,ladies-champion-windsor-waterproof-coat,Ladies Champion Windsor Waterproof Coat
gid://shopify/Product/9221179474262,ladies-champion-sandringham-coat,Ladies Champion Sandringham Coat
gid://shopify/Product/9221179539798,ladies-champion-banbury-light-weight-quilted-gilet,Ladies Champion Banbury Light Weight Quilted Gilet
gid://shopify/Product/9221179572566,ladies-champion-wisley-light-weight-quilted-jacket,Ladies Champion Wisley Light Weight Quilted Jacket
gid://shopify/Product/9221179605334,portwest-insulatex-ha10-fleece-hat-1,Portwest Workwear HA14 Reversible Fleece Hat
gid://shopify/Product/9221179670870,portwest-mens-buildtex-laminated-fleece-jacket,Portwest Mens BuildTex Laminated Fleece Jacket
gid://shopify/Product/9221179703638,mens-northwest-territory-hikers-camo,Mens Northwest Territory Camo Hikers
gid://shopify/Product/9221179769174,mens-northwest-territory-hikers-inuvik,Mens Northwest Territory Inuvik Hikers
gid://shopify/Product/9221179801942,mens-northwest-territory-hikers-pelly,Mens Northwest Territory Pelly Hikers
gid://shopify/Product/9221179834710,mens-northwest-territory-hikers-kendall,Mens Northwest Territory Kendall Hikers
gid://shopify/Product/9221179933014,mens-northwest-territory-hikers-steen,Mens Northwest Territory Steen Hikers
gid://shopify/Product/9221179998550,womens-northwest-territory-mid-cut-hikers-emerald,Womens Northwest Territory Emerald Mid Cut Hikers
gid://shopify/Product/9221180031318,womens-northwest-territory-mid-cut-hikers-peak,Womens Northwest Territory Peak Mid Cut Hikers
gid://shopify/Product/9221180096854,womens-northwest-territory-mid-cut-hikers-trek,Womens Northwest Territory Trek Mid Cut Hikers
gid://shopify/Product/9221180162390,womens-northwest-territory-mid-cut-hikers-texas,Womens Northwest Territory Texas Mid Cut Hikers
gid://shopify/Product/9221180227926,girls-brave-soul-marley-padded-jacket,Girls Brave Soul Marley Padded Jacket
gid://shopify/Product/9221180260694,mens-champion-lewis-fleece-lined-jacket,Mens Champion Lewis Fleece Lined Jacket
gid://shopify/Product/9221180358998,adults-trespass-unite360-full-suit,Adults Trespass UNITE360 Full Suit
gid://shopify/Product/9221180391766,mens-trespass-vander-lightweight-jacket,Mens Trespass Vander Softshell Jacket
gid://shopify/Product/9221180490070,kids-trespass-glebe-ii-mid-cut-boot,Kids Trespass GLEBE II Mid Cut Boot
gid://shopify/Product/9221180588374,kids-trespass-unite360-thermals-suit,Kids Trespass UNITE360 Thermals Suit
gid://shopify/Product/9221180653910,unisex-kids-trespass-puddle-wellies-childrens-waterproof-wellington-boots,Unisex Kids Trespass Puddle Wellies - Clearance
gid://shopify/Product/9221180784982,mens-trespass-bernal-heavyweight-zip-fleece,Mens Trespass Bernal Heavyweight Zip Fleece
gid://shopify/Product/9221180850518,champion-exmoor-gilet,Champion Exmoor Gilet
gid://shopify/Product/9221180916054,adults-portwest-reflective-trim-knit-hat,Adults Portwest Reflective Trim Knit Hat
gid://shopify/Product/9221181014358,adults-merry-christmas-printed-jumper-customisation,Adults XmasPrinted Sweatshirt - Merry Christmas
gid://shopify/Product/9221181178198,adults-22xms2-printed-jumper-customisation,Adults Xmas Sweatshirt - I'M A GIFT
gid://shopify/Product/9221181407574,adults-22xms3-printed-jumper-customisation,Adults Xmas Printed Sweatshirt - Snowman
gid://shopify/Product/9221181505878,adults-22xms5-printed-jumper-customisation,Adults Xmas Printed Sweatshirt Santa Reindeer
gid://shopify/Product/9221181702486,hi-vis-reflective-safety-workwear-sweatshirt,Aviator Hi Vis Hoodie AV042
gid://shopify/Product/9221181800790,hi-vis-reflective-safety-workwear-hoodie,Aviator Hi Vis Zip Hoody AV044
gid://shopify/Product/9221181899094,hi-vis-reflective-safety-workwear-zip-hoody,Aviator Workwear Zip Hoody AV050
gid://shopify/Product/9221181997398,unisex-sherpa-lined-blanket-hoodie,Kids Sherpa LIned Blanket Hoodie
gid://shopify/Product/9221182062934,kids-aviator-av001-london-hi-vis-hoodie,Kids Aviator AV001 Hi Vis Hoodie
gid://shopify/Product/9221182161238,kids-trespass-dodo-fleece-lined-water-resistant-snow-boot,Kids Trespass DODO Fleece Lined Water Resistant Snow Boot
gid://shopify/Product/9221182226774,kids-trespass-dodo-fleece-lined-water-resistant-snow-boot-1,Trespass DODO Fleece Lined Water Resistant Snow Boot
gid://shopify/Product/9221182390614,game-childrens-hb402-k-forrester-trouser,Kids Game HB402-K Forrester Trouser
gid://shopify/Product/9221182488918,kids-trespass-aksel-padded-jacket,Kids Trespass Aksel Padded Jacket
gid://shopify/Product/9221182587222,standsafe-hi-vis-fleece-jacket,HV022 Hi Vis Fleece Jacket
gid://shopify/Product/9221182685526,hv022-hi-vis-fleece-jacket-navy,HV022 Hi Vis Fleece Jacket - Navy
gid://shopify/Product/9221182751062,mens-portwest-kx3-ultrasonic-tunnel-jacket,Mens Portwest KX3 Ultrasonic Tunnel Jacket
gid://shopify/Product/9221182783830,portwest-c484-hi-vis-2-tone-vest,Portwest C484 Hi Vis 2 Tone Vest
gid://shopify/Product/9221182980438,trespass-elena-ladies-wellies,Trespass Elena Ladies Wellies
gid://shopify/Product/9221183078742,girls-trespass-fame-waterproof-parka-jacket,Girls Trespass Fame Waterproof Parka Jacket
gid://shopify/Product/9221183209814,ladies-brave-raveplain-soul-plus-size-detachable-hood-detail-showerproof-mac,Ladies Brave Soul Plus Size Rain Mac - Raveplain
gid://shopify/Product/9221183340886,trespass-kids-bertha-girls-jacket,Trespass Kids Bertha Girls Jacket
gid://shopify/Product/9221183373654,trespass-kids-charming-girls-jacket,Trespass Kids Charming Girls Jacket
gid://shopify/Product/9221183439190,kids-trespass-faymont-girls-jacket,Kids Trespass Faymont Girls Jacket
gid://shopify/Product/9221183570262,adults-premium-cotton-plain-short-sleeve-t-shirt,Adults Premium Cotton T-Shirt
gid://shopify/Product/9221183701334,trespass-alder-25l-backpack,Trespass ALDER 25L Backpack
gid://shopify/Product/9221183734102,trespass-twinpeak-45l-backpack,Trespass Twinpeak 45L Backpack
gid://shopify/Product/9221183865174,trespass-bustle-25l-backpack,Trespass BUSTLE 25L Backpack
gid://shopify/Product/9221183897942,mens-trespass-keynote-fleece-top,Mens Trespass Keynote Fleece Top
gid://shopify/Product/9221183996246,mens-champion-short-sleeve-doncaster-shirt,Mens Champion Short Sleeve Doncaster Shirt
gid://shopify/Product/9221184192854,mens-champion-short-sleeve-tattersall-shirt,Mens Champion Short Sleeve Tattersall Shirt - 3041
gid://shopify/Product/9221184291158,mens-premium-polo-shirt-with-stag-game-logo-printing,Game Stag Logo Polo Shirt
gid://shopify/Product/9221184487766,durable-hardwearing-cargo-multi-pocket-work-shorts,Multi Pocket Cargo Work Shorts - 2050 Clearance
gid://shopify/Product/9221184618838,kids-trespass-joejoe-camping-chair,Kids Trespass JoeJoe Camping Chair
gid://shopify/Product/9221184717142,adults-trespass-branson-camping-chair,Adults Trespass Branson Camping Chair
gid://shopify/Product/9221184782678,ladies-trespass-ellis-softshell-hooded-jacket,Ladies Trespass Ellis SoftShell Hooded Jacket
gid://shopify/Product/9221184848214,hi-vis-hv007-short-sleeve-crew-neck-t-shirt,Hi Vis HV007 Short Sleeve Crew Neck T-Shirt
gid://shopify/Product/9221184979286,mens-brave-soul-mset-131labile-t-shirt-short-set,Mens Brave Soul MSET-131LABILE T-Shirt/Short Set
gid://shopify/Product/9221185044822,trespass-mens-sanday-fleece-top,Trespass Mens Sanday Fleece top
gid://shopify/Product/9221185143126,portwest-standard-multipocket-workwear-boiler-suit,Portwest Multipocket Boiler Suit
gid://shopify/Product/9221185208662,mens-aviator-london-hi-vis-fleece-shorts,Mens Aviator London Hi Vis Fleece Shorts - AV006
gid://shopify/Product/9221185241430,kids-aviator-london-av002-hi-vis-s-s-polo-top,Kids Aviator London AV002 Hi Vis S/S Polo Top
gid://shopify/Product/9221185405270,mens-brave-soul-avalon-t-shirt-short,Mens Brave Soul AVALON T Shirt & Short Co-ord set
gid://shopify/Product/9221185503574,mens-brave-soul-labileb-t-shirt-short,Mens Brave Soul LABILEB T Shirt & Short
gid://shopify/Product/9221185569110,mens-hi-vis-zip-neck-workwear-sweatshirt-hv040,Standsafe Hi Vis Zip Neck Workwear Sweatshirt - HV040
gid://shopify/Product/9221185634646,mens-hi-vis-softshell-jacket-hv060,Standsafe Hi Vis SoftShell Jacket - HV060
gid://shopify/Product/9221185732950,kids-tractor-logo-embroidered-hoodie,Kids Tractor Hoodie
gid://shopify/Product/9221185798486,adults-tractor-logo-embroidered-hoodie,Adults Tractor Hoodie
gid://shopify/Product/9221185929558,copy-of-hi-vis-polycotton-cargo-trousers-hv516,Mens Hi Vis Polycotton Safety Work Trousers - HV039
gid://shopify/Product/9221186060630,mens-urban-road-elastic-waist-casual-sports,Mens Urban Road Cargo Shorts
gid://shopify/Product/9221186290006,mens-tracksuit-set-casual-sports-cargo-shorts-with-plain-pullover-hoody,Mens Urban Road Short & Hoodie Co-ord Set
gid://shopify/Product/9221186486614,mens-lumberjack-sherpa-fleece-check-work-shirt,Mens Sherpa Fleece Lined Work Shirt - 4061
gid://shopify/Product/9221186552150,ladies-osaka-combed-pile-softshell-jacket,Ladies Osaka Combed Pile SoftShell Jacket
gid://shopify/Product/9221186650454,ladies-3-layer-waterproof-softshell-jacket,Ladies 3-Layer Waterproof SoftShell Jacket
gid://shopify/Product/9221186748758,ladies-urban-fell-waterproof-technical-jacket,Ladies Urban Fell Waterproof Technical Jacket
gid://shopify/Product/9221186879830,mens-wk009x-standsafe-xtreme-softshell-jacket,Mens WK009X Standsafe Xtreme SoftShell Jacket
gid://shopify/Product/9221186912598,girls-brave-soul-rusette-diamond-quilted-hooded-long-school-jacket,Girls Brave Soul RUSETTE Diamond Quilted School Jacket
gid://shopify/Product/9221187076438,boys-brave-soul-davisblockk-padded-school-jacket,Boys Brave Soul DAVISBLOCKK Padded School Jacket
gid://shopify/Product/9221187109206,boys-brave-soul-davisblockk-padded-school-jacket-1,Boys Brave Soul Grant Padded School Jacket
gid://shopify/Product/9221187174742,boys-brave-soul-jaredlong-school-jacket,Boys Brave Soul JAREDLONG School Jacket
gid://shopify/Product/9221187240278,copy-of-boys-brave-soul-jaredlong-school-jacket,Boys Brave Soul Oakwood Camo Padded School Jacket
gid://shopify/Product/9221187305814,mens-champion-ashby-quilted-gilet,Mens Champion Ashby Quilted Gilet
gid://shopify/Product/9221187404118,mens-champion-country-fleece-lined-check-shirt,Mens Champion Country Fleece Lined Check Shirt
gid://shopify/Product/9221187502422,mens-champion-glen-padded-fleece-jacket,Mens Champion Glen Padded Fleece Jacket
gid://shopify/Product/9221187600726,mens-champion-kinross-quilted-fleece-lined-shirt,Champion Kinross Quilted Fleece Shirt
gid://shopify/Product/9221187633494,ladies-brave-soul-cellolgil-padded-longline-gilet,Ladies Brave Soul CELLOLGIL Padded Longline Gilet
gid://shopify/Product/9221187731798,ladies-brave-soul-cellolong-padded-longline-coat,Ladies Brave Soul CELLOLONG Padded Longline Coat
gid://shopify/Product/9221187764566,ladies-brave-soul-toney-padded-long-gilet,Ladies Brave Soul TONEY Padded Long Gilet
gid://shopify/Product/9221187862870,mens-brave-soul-helmshore-longline-puffer-coat,Mens Brave Soul HELMSHORE Longline Puffer Coat
gid://shopify/Product/9221187928406,mens-brave-soul-toddblack-padded-coat,Mens Brave Soul TODDBLACK Padded Coat
gid://shopify/Product/9221188026710,ladies-brave-soul-grant-padded-jacket,Ladies Brave Soul Grant Padded Jacket
gid://shopify/Product/9221188190550,ladies-brave-soul-cellomax-padded-maxi-length-coat,Brave Soul Cellomax Padded Maxi Coat
gid://shopify/Product/9221188256086,arctic-storm-waterproof-hooded-jacket-trousers-set,Arctic Storm Waterproof Jacket & Trousers set
gid://shopify/Product/9221188354390,arctic-storm-waterproof-jacket,Arctic Storm Waterproof Jacket
gid://shopify/Product/9221188518230,mens-technical-sherpa-fleece-jacket,Men's Icebound Full Zip Fleece Jacket
gid://shopify/Product/9221188583766,mens-technical-sherpa-fleece-jacket-1,Men's Vintage Sherpa Fleece Jacket
gid://shopify/Product/9221188714838,mens-franco-zip-neck-fleece-hoodie,Men's Franco Zip Neck Fleece Hoodie
gid://shopify/Product/9221188845910,unisex-sherpa-lined-blanket-hoodie-aaa,Unisex Sherpa LIned Blanket Hoodie
gid://shopify/Product/9221188911446,50l-combo-pack-tactical-outdoor-military-backpack,50L Combo Pack Tactical Outdoor Military Backpack
gid://shopify/Product/9221189009750,kids-vintage-christmas-eve-jumper,Kids Christmas Sweaters
gid://shopify/Product/9221189108054,adults-christmas-eve-jumper,Adults Christmas Sweaters
gid://shopify/Product/9221189140822,copy-of-tactical-woodland-gloves-ph03,Tactical Gloves MW01
gid://shopify/Product/9221189271894,mens-comfy-fleece-hoody,Urban Road Plain Hoodie
gid://shopify/Product/9221189501270,tuffstuff-hyperflex-slim-fit-work-jogger,718 TuffStuff Hyperflex Slim Fit Work Jogger
gid://shopify/Product/9221189599574,mens-tuffstuff-sutherland-waterproof-hooded-top,Mens Tuffstuff Sutherland Waterproof Hooded Top
gid://shopify/Product/9221189796182,trespass-kellisa-halk-fleece-lined-hat,Trespass Kellisa Halk Fleece Lined Hat
gid://shopify/Product/9221189828950,copy-of-trespass-kellisa-halk-fleece-lined-hat,Trespass Escalera Knitted Beanie Hat
gid://shopify/Product/9221189861718,copy-of-regatta-tra671-arley-standout-softshell-jacket,Regatta Ablaze Softshell Jacket - TRA728
gid://shopify/Product/9221189960022,mens-regen-camouflage-storm-waterproof-rainsuit,Regen Camo Waterproof Rainsuit
gid://shopify/Product/9221190025558,mens-casual-long-sleeve-check-shirt,Mens Flannel Check Shirt
gid://shopify/Product/9221190123862,men-s-belsan-quilted-gilet,Mens Belsan Quilted Gilet
gid://shopify/Product/9221190222166,kids-brave-soul-ashblock-hooded-jacket,Kids Brave Soul Ashblock Hooded Jacket
gid://shopify/Product/9221190254934,premium-mens-microfleece-jacket,Premium Men's Microfleece Jacket - FBH681
gid://shopify/Product/9221190353238,ladies-oversized-jumper,Ladies Oversized Crew Sweatshirt
gid://shopify/Product/9221190517078,high-visibility-bodywarmer-hv010-hv037,Hi Vis Reverible Bodywarmer - HV010 / HV037
gid://shopify/Product/9221190680918,mens-softshell-two-layer-water-resistant-jacket,MEN'S TWO-LAYER SOFTSHELL JACKET
gid://shopify/Product/9221190713686,mens-softshell-waterproof-cargo-workwear-trousers-av061,MEN'S SOFTSHELL WORKWEAR TROUSERS - AV061
gid://shopify/Product/9221190877526,mens-professional-tactical-threads-strategic-polyester-cargo-workwear-av052-trousers,MEN'S POLYESTER WORKWEAR TROUSERS - AV052
gid://shopify/Product/9221190975830,unisex-adults-packaway-cagoules-plus-size,Unisex Adults Packaway Cagoules - Plus Size
gid://shopify/Product/9221191172438,trespass-qikpac-x-unisex-waterproof-packaway-jacket,Trespass Unisex Qikpac X Waterproof Packaway Jacket
gid://shopify/Product/9221191336278,mens-champion-short-sleeve-holkham-check-shirt,Mens Champion Short Sleeve Holkham Check Shirt
gid://shopify/Product/9221191369046,mens-springbrook-multi-pocket-belted-cargo-shorts,Mens Multi-Pocket Cargo Shorts
gid://shopify/Product/9221191532886,mens-hawaiian-shirts-ct26,Men's Hawaiian Printed Viscose Shirts
gid://shopify/Product/9221191762262,mens-brave-soul-chadwick-t-shirt-short,Mens Brave Soul Chadwick T-Shirt & Short
gid://shopify/Product/9221191827798,mens-brave-soul-hubble-polo-shirt-short,Mens Brave Soul Hubble Polo Shirt & Short
gid://shopify/Product/9221191991638,mens-urban-road-vintage-harrington-bomber-jacket,Classic Vintage Harrington Jacket
gid://shopify/Product/9221192221014,mens-plain-t-shirt-fbh1836,Mens FBH1836 Plain T-Shirt
gid://shopify/Product/9221192319318,mens-urban-fbh2736-camo-cargo-shorts,Mens FBH2736 Cargo Shorts
gid://shopify/Product/9221192450390,mens-softshell-workwear-trousers-av061-copy,Men's Hi Vis Softshell Cargo Trousers - AV059
gid://shopify/Product/9221192614230,mens-t24-swim-shorts,Mens T24 Swim Shorts
gid://shopify/Product/9221192778070,mens-game-hb410-vantage-gilet,Mens Game HB410 Vantage Gilet
gid://shopify/Product/9221192843606,game-mens-hb450-outlander-jacket,Mens Game Outlander HB450 Jacket
gid://shopify/Product/9221192909142,game-kids-hb450-k-outlander-jacket,Kids Game Outlander HB450K Jacket
gid://shopify/Product/9221192974678,mens-trespass-cowesby-fleece-jacket,Mens Trespass Cowesby Fleece Jacket
gid://shopify/Product/9221193072982,ladies-trespass-ellison-softshell-jacket,Ladies Trespass Ellison Softshell Jacket
gid://shopify/Product/9221193138518,girls-trespass-flourish-hooded-jacket,Girls Trespass Flourish Hooded Jacket
gid://shopify/Product/9221193204054,ladies-trespass-addison-hooded-jacket,Ladies Trespass Addison Hooded Jacket
gid://shopify/Product/9221193335126,ladies-fawsley-boot-lcatesfawslo,Ladies Fawsley Long Length Waterproof Boots
gid://shopify/Product/9221193400662,mens-galway-dealer-boot-mcates-cx01a,Mens Galway Leather Chelsea Boots
gid://shopify/Product/9221193498966,adults-fbh23010-plain-hoodie,Adults FBH23010 Plain Hoodie
gid://shopify/Product/9221193564502,bjk-garstang,Kids Brave Soul GARSTANG Padded Jacket
gid://shopify/Product/9221193630038,ljk-cellogilblk-ljk-cellogilstn,Ladies Brave Soul CELLOGIL Padded Short Length Gilet
gid://shopify/Product/9221193695574,ljk-deanne-ljk-deanneolive,Ladies Brave Soul DEANNE Padded Jacket
gid://shopify/Product/9221193793878,ljk-denmark,Ladies Brave Soul DENMARK Padded Gilet
gid://shopify/Product/9221193892182,ljk-dominicalos,Ladies Brave Soul DOMINICALOS Longer Length Padded Jacket
gid://shopify/Product/9221193957718,mjk-altham,Mens Brave Soul ALTHAM Padded Longline Jacket
gid://shopify/Product/9221194056022,mjk-davishoodblk,Mens Brave Soul DAVISHOOD Padded Jacket
gid://shopify/Product/9221194121558,boys-tactical-cargo-trousers,Kids Aviator Cargo Trousers AV053
gid://shopify/Product/9221194318166,mens-fielding-casual-denim-blue-jacket,Mens FIELDING Denim Jacket
gid://shopify/Product/9221194416470,mens-wilburn-casual-denim-black-jacket,Mens WILBURN Denim Jacket
gid://shopify/Product/9221194514774,mens_game_trail_fleece_hoodie,Mens Game Trail Fleece Hoodie
gid://shopify/Product/9221194678614,mens-trj513r-zip-fasten-coveralls,REGATTA TRJ513R Workwear Coveralls
gid://shopify/Product/9304571183446,unisex-kids-junior-seedling-stud-coveralls-2,Unisex Kids Junior Seedling Stud Coveralls
gid://shopify/Product/9304571740502,game-icebount-fleece-jacket-1,Game Icebound Fleece Jacket
gid://shopify/Product/9304572002646,adults-unisex-animal-print-sherpa-fleece-jacket-1,Adults Unisex Animal Print Sherpa Fleece Jacket
gid://shopify/Product/9304572461398,mens-knitted-zip-neck-sweater-thick-fleece-lined-thermal-insulated-top-pullover-1,Mens Fleece Lined Flannel Shirt - JB2022
gid://shopify/Product/9304572690774,men-knitted-fleece-lined-zip-up-cardigan-1,Men Knitted Fleece Lined Cardigan - JP02
gid://shopify/Product/9304572952918,mens-fleece-lined-flannel-lumberjack-check-shirt-1,Mens Fleece Lined Flannel Lumberjack Check Shirt
gid://shopify/Product/9304573280598,trespass-faithful-1,Ladies Faithful Waterproof Parka Jacket
gid://shopify/Product/9304573509974,bjk_hudson-1,Kids Boys Cotton Denim Contrast Hooded Jacket
gid://shopify/Product/9304573804886,mens-standsafe-hi-vis-reversible-gilet-hv037-hv010-1,Mens Hi Vis Fleece Lined Reversible Bodywarmer
gid://shopify/Product/9304574525782,mens-trespass-oskar-padded-jacket-2,Mens Trespass Oskar Padded Jacket